Label,A_0,A_1,A_2,R_0,R_1,R_2,R_3,R_4,R_5,R_6,R_7
Specificity Sum,670,644,672,274,297,290,255,260,283,285,227
Accuracy Sum,575.547327100818,558.1203289437522,579.851232668122,220.6497501939122,240.5858624798631,234.24563271091677,213.38045321553543,214.92554851499443,230.77101444897548,231.5164262065913,180.40144129282191
